0,GEN,0,1,800,122,21,2,4462
0,GEN,0,1,800,110,30,2,4462
0,GEN,0,1,810,120,25,3,4462
0,ACO,0,1,1118,288,224,6,6969
0,PSO,0,0,0,0,0,0,5704
0,GEN,1,1,800,122,21,2,4460
0,GEN,1,1,800,102,30,2,4460
0,GEN,1,1,800,122,21,2,4460
0,GEN,1,1,810,112,17,2,4460
0,ACO,1,0,0,0,0,0,7762
0,PSO,1,0,0,0,0,0,5896
0,GEN,2,1,800,122,21,2,4367
0,ACO,2,0,0,0,0,0,7763
0,PSO,2,0,0,0,0,0,5808
0,GEN,3,1,800,122,21,2,4432
0,GEN,3,1,800,102,29,2,4432
0,GEN,3,1,800,122,21,2,4432
0,GEN,3,1,810,112,17,2,4432
0,ACO,3,0,0,0,0,0,7695
0,PSO,3,0,0,0,0,0,6058
0,GEN,4,1,800,122,21,2,4285
0,GEN,4,1,800,110,26,2,4285
0,GEN,4,1,800,110,19,3,4285
0,GEN,4,1,800,110,18,4,4285
0,ACO,4,0,0,0,0,0,8023
0,PSO,4,1,927,249,176,5,6258
0,PSO,4,1,927,237,158,6,6258
0,GEN,5,1,800,122,21,2,4349
0,ACO,5,1,969,271,180,5,7433
0,PSO,5,1,919,209,124,4,4379
0,PSO,5,1,1037,347,278,2,4379
0,PSO,5,1,1037,347,269,3,4379
0,GEN,6,1,800,122,21,2,4326
0,GEN,6,1,800,110,30,2,4326
0,GEN,6,1,810,120,25,3,4326
0,ACO,6,1,919,241,161,5,7787
0,PSO,6,1,979,301,230,4,5423
0,GEN,7,1,969,291,200,3,4359
0,ACO,7,1,810,120,42,4,6640
0,PSO,7,0,0,0,0,0,5749
0,GEN,8,1,810,132,37,2,4754
0,ACO,8,1,1383,705,640,4,7730
0,PSO,8,1,883,145,76,3,4119
0,PSO,8,1,939,229,153,2,4119
0,GEN,9,1,810,132,37,2,4202
0,ACO,9,1,939,261,179,5,7275
0,PSO,9,1,787,97,28,3,4316
0,PSO,9,1,787,97,26,4,4316
0,PSO,9,1,883,193,128,2,4316
1,GEN,0,1,734,69,12,2,4607
1,ACO,0,1,734,69,12,2,5403
1,PSO,0,1,734,69,12,2,3432
1,GEN,1,1,734,69,12,2,4785
1,ACO,1,1,734,69,12,2,5257
1,PSO,1,1,734,69,12,2,3066
1,PSO,1,1,883,66,9,2,3066
1,GEN,2,1,734,69,12,2,4940
1,ACO,2,1,734,69,12,2,5308
1,PSO,2,1,734,69,12,2,3145
1,GEN,3,1,734,69,12,2,5049
1,ACO,3,1,734,69,12,2,4921
1,PSO,3,1,734,69,12,2,3098
1,GEN,4,1,734,69,12,2,4483
1,ACO,4,1,734,69,12,2,5066
1,PSO,4,1,734,69,12,2,3190
1,PSO,4,1,812,68,14,2,3190
1,PSO,4,1,883,66,9,2,3190
1,GEN,5,1,734,69,13,2,4888
1,ACO,5,1,734,69,12,2,5492
1,PSO,5,1,734,69,12,2,2989
1,GEN,6,1,734,69,12,2,5040
1,ACO,6,1,734,69,12,2,5084
1,PSO,6,1,734,69,12,2,3268
1,GEN,7,1,734,69,12,2,4896
1,ACO,7,1,734,69,12,2,5069
1,PSO,7,1,734,69,12,2,3156
1,PSO,7,1,883,66,9,2,3156
1,GEN,8,1,734,69,12,2,4985
1,ACO,8,1,734,69,12,2,5096
1,PSO,8,1,734,69,12,2,3095
1,PSO,8,1,812,68,14,2,3095
1,GEN,9,1,734,69,12,2,4724
1,ACO,9,1,734,69,12,2,5290
1,PSO,9,1,734,69,12,2,3125
2,GEN,0,1,778,96,26,2,4890
2,GEN,0,1,778,96,18,3,4890
2,GEN,0,1,883,81,11,2,4890
2,ACO,0,1,883,216,157,4,8746
2,ACO,0,1,883,212,140,5,8746
2,PSO,0,1,778,111,51,3,4874
2,GEN,1,1,838,96,26,2,4743
2,GEN,1,1,883,81,11,2,4743
2,GEN,1,1,923,72,10,2,4743
2,ACO,1,0,0,0,0,0,9905
2,PSO,1,0,0,0,0,0,5794
2,GEN,2,1,735,82,13,2,4983
2,GEN,2,1,808,81,12,2,4983
2,GEN,2,1,883,81,11,2,4983
2,GEN,2,1,923,72,10,2,4983
2,ACO,2,1,1107,440,375,5,9444
2,PSO,2,1,983,301,244,2,3914
2,GEN,3,1,778,96,26,2,4890
2,GEN,3,1,778,96,14,3,4890
2,ACO,3,0,0,0,0,0,9721
2,PSO,3,0,0,0,0,0,5985
2,GEN,4,1,778,96,26,2,5198
2,GEN,4,1,778,96,16,3,5198
2,GEN,4,1,883,81,11,2,5198
2,GEN,4,1,923,72,10,2,5198
2,ACO,4,0,0,0,0,0,10115
2,PSO,4,1,953,286,220,3,5255
2,GEN,5,1,778,96,26,2,5237
2,GEN,5,1,778,96,22,3,5237
2,GEN,5,1,778,96,22,3,5237
2,GEN,5,1,883,81,11,2,5237
2,GEN,5,1,923,72,10,2,5237
2,ACO,5,0,0,0,0,0,9993
2,PSO,5,0,0,0,0,0,6185
2,GEN,6,1,778,96,26,2,5241
2,GEN,6,1,778,96,16,3,5241
2,GEN,6,1,883,81,11,2,5241
2,GEN,6,1,923,72,10,2,5241
2,GEN,6,1,983,83,9,3,5241
2,ACO,6,0,0,0,0,0,9650
2,PSO,6,0,0,0,0,0,5812
2,GEN,7,1,735,82,13,2,4931
2,GEN,7,1,808,81,12,2,4931
2,ACO,7,0,0,0,0,0,9961
2,PSO,7,0,0,0,0,0,5922
2,GEN,8,1,778,96,26,2,4979
2,GEN,8,1,778,96,16,3,4979
2,GEN,8,1,883,81,11,2,4979
2,ACO,8,1,1093,436,361,7,9645
2,PSO,8,0,0,0,0,0,5876
2,GEN,9,1,778,96,26,2,4662
2,GEN,9,1,778,96,18,3,4662
2,GEN,9,1,883,81,11,2,4662
2,GEN,9,1,923,72,10,2,4662
2,ACO,9,0,0,0,0,0,9876
2,PSO,9,0,0,0,0,0,6083
3,GEN,0,1,1115,83,7,2,5013
3,ACO,0,1,1115,83,15,2,8532
3,ACO,0,1,1115,83,14,3,8532
3,PSO,0,1,1115,83,15,2,4466
3,PSO,0,1,1115,83,15,2,4466
3,PSO,0,1,1115,83,12,3,4466
3,GEN,1,1,1115,83,7,2,4810
3,ACO,1,1,1115,83,15,2,8688
3,PSO,1,1,1115,83,16,2,5243
3,PSO,1,1,1115,83,16,2,5243
3,PSO,1,1,1115,83,16,2,5243
3,PSO,1,1,1115,83,14,3,5243
3,GEN,2,1,1115,83,7,2,5112
3,ACO,2,1,1115,83,16,2,8566
3,PSO,2,1,1115,83,16,2,4948
3,PSO,2,1,1115,83,14,4,4948
3,GEN,3,1,1115,83,7,2,4925
3,ACO,3,1,1115,83,15,2,8844
3,PSO,3,1,1115,83,15,2,4655
3,PSO,3,1,1115,83,14,3,4655
3,GEN,4,1,1115,83,12,2,5030
3,ACO,4,1,1115,83,15,2,8538
3,PSO,4,1,1115,83,16,2,4997
3,PSO,4,1,1115,83,14,3,4997
3,GEN,5,1,1115,83,7,2,4671
3,ACO,5,1,1155,123,55,2,9003
3,ACO,5,1,1155,123,54,3,9003
3,PSO,5,1,1115,83,15,2,4767
3,PSO,5,1,1115,83,12,3,4767
3,GEN,6,1,1115,83,7,2,5139
3,ACO,6,1,1115,83,15,2,8608
3,PSO,6,1,1115,83,16,2,4893
3,PSO,6,1,1115,83,16,2,4893
3,PSO,6,1,1115,83,16,2,4893
3,PSO,6,1,1115,83,16,2,4893
3,PSO,6,1,1115,83,14,3,4893
3,PSO,6,1,1115,83,14,3,4893
3,GEN,7,1,1115,83,16,2,5109
3,GEN,7,1,1115,83,16,2,5109
3,GEN,7,1,1115,83,16,2,5109
3,GEN,7,1,1115,83,14,3,5109
3,GEN,7,1,1115,83,14,3,5109
3,ACO,7,1,1115,83,15,2,8448
3,ACO,7,1,1115,83,14,3,8448
3,PSO,7,1,1115,83,15,2,4770
3,PSO,7,1,1115,83,14,3,4770
3,PSO,7,1,1115,83,14,3,4770
3,GEN,8,1,1115,83,16,2,4459
3,GEN,8,1,1115,83,16,2,4459
3,GEN,8,1,1115,83,14,3,4459
3,ACO,8,1,1115,83,15,2,8937
3,PSO,8,1,1115,83,16,2,5020
3,PSO,8,1,1115,83,12,3,5020
3,PSO,8,1,1115,83,12,3,5020
3,GEN,9,1,1115,83,12,2,5074
3,ACO,9,1,1115,83,15,2,8492
3,PSO,9,1,1115,83,16,2,5052
3,PSO,9,1,1115,83,16,2,5052
3,PSO,9,1,1115,83,16,2,5052
3,PSO,9,1,1115,83,12,3,5052
4,GEN,0,1,897,56,9,1,5792
4,GEN,0,1,917,56,7,1,5792
4,GEN,0,1,944,53,5,1,5792
4,ACO,0,1,892,51,4,1,5221
4,PSO,0,1,892,51,4,1,3433
4,PSO,0,1,1101,50,6,1,3433
4,GEN,1,1,897,56,9,1,5997
4,GEN,1,1,917,56,7,1,5997
4,ACO,1,1,892,51,4,1,5727
4,ACO,1,1,1101,50,6,1,5727
4,PSO,1,1,892,51,4,1,3631
4,GEN,2,1,897,56,9,1,6162
4,GEN,2,1,917,56,7,1,6162
4,ACO,2,1,892,51,4,1,5306
4,ACO,2,1,1022,51,3,1,5306
4,ACO,2,1,1101,50,6,1,5306
4,PSO,2,1,892,51,4,1,3522
4,GEN,3,1,892,51,4,1,6474
4,ACO,3,1,902,61,14,1,5389
4,ACO,3,1,1069,58,11,1,5389
4,ACO,3,1,1101,50,6,1,5389
4,PSO,3,1,892,51,4,1,3648
4,PSO,3,1,1101,50,6,1,3648
4,GEN,4,1,897,56,9,1,5926
4,GEN,4,1,917,56,7,1,5926
4,GEN,4,1,944,53,5,1,5926
4,ACO,4,1,892,51,4,1,5466
4,ACO,4,1,1101,50,6,1,5466
4,PSO,4,1,892,51,4,1,3699
4,GEN,5,1,892,51,4,1,6386
4,ACO,5,1,892,51,4,1,5806
4,PSO,5,1,892,51,4,1,3345
4,GEN,6,1,897,56,9,1,5586
4,GEN,6,1,917,56,7,1,5586
4,GEN,6,1,944,53,5,1,5586
4,ACO,6,1,892,51,4,1,5057
4,ACO,6,1,1101,50,6,1,5057
4,PSO,6,1,897,56,9,1,3484
4,PSO,6,1,917,56,7,1,3484
4,GEN,7,1,892,51,4,1,6222
4,ACO,7,1,897,56,9,1,5061
4,PSO,7,1,892,51,4,1,3104
4,GEN,8,1,892,51,4,1,7030
4,ACO,8,1,892,51,4,1,5841
4,ACO,8,1,1101,50,6,1,5841
4,PSO,8,1,892,51,4,1,3401
4,GEN,9,1,897,56,9,1,6287
4,GEN,9,1,917,56,7,1,6287
4,ACO,9,1,892,51,4,1,6439
4,ACO,9,1,1101,50,6,1,6439
4,PSO,9,1,892,51,4,1,3390
