0,GEN,0,1,1371,73,36,2,1324
0,GEN,0,1,1371,73,27,3,1324
0,GEN,0,1,1371,73,21,4,1324
0,ACO,0,1,1371,73,41,2,2114
0,PSO,0,1,1371,73,36,2,1823
0,PSO,0,1,1371,73,22,3,1823
0,GEN,1,1,1371,73,36,2,1384
0,GEN,1,1,1371,73,31,4,1384
0,ACO,1,1,1371,73,27,3,1842
0,PSO,1,1,1371,73,36,2,1275
0,PSO,1,1,1371,73,31,3,1275
0,GEN,2,1,1371,73,36,2,1056
0,GEN,2,1,1371,73,16,4,1056
0,ACO,2,1,1371,73,41,2,1937
0,PSO,2,1,1371,73,22,3,1630
0,GEN,3,1,1371,73,36,2,1239
0,GEN,3,1,1371,73,25,4,1239
0,ACO,3,0,0,0,0,0,2194
0,PSO,3,1,1371,73,36,2,1137
0,PSO,3,1,1371,73,22,3,1137
0,GEN,4,1,1371,73,39,2,1220
0,GEN,4,1,1371,73,25,3,1220
0,ACO,4,1,1371,73,41,2,1814
0,ACO,4,1,1371,73,27,3,1814
0,PSO,4,1,1371,73,22,3,980
0,GEN,5,1,1371,73,39,2,1247
0,GEN,5,1,1371,73,21,3,1247
0,ACO,5,1,1371,73,41,2,1788
0,PSO,5,1,1371,73,36,2,1851
0,GEN,6,1,1371,73,41,2,1283
0,GEN,6,1,1371,73,39,3,1283
0,ACO,6,1,1371,73,41,2,1643
0,ACO,6,1,1371,73,27,3,1643
0,PSO,6,1,1371,73,36,2,953
0,PSO,6,1,1371,73,25,3,953
0,GEN,7,1,1371,73,41,2,1071
0,GEN,7,1,1371,73,40,4,1071
0,GEN,7,1,1371,73,38,5,1071
0,ACO,7,1,1371,73,41,2,1990
0,PSO,7,1,1371,73,36,2,1440
0,PSO,7,1,1371,73,22,3,1440
0,GEN,8,1,1371,73,41,2,1180
0,GEN,8,1,1371,73,21,3,1180
0,ACO,8,1,1371,73,41,2,1803
0,ACO,8,1,1371,73,27,3,1803
0,PSO,8,1,1371,73,36,2,1041
0,PSO,8,1,1371,73,34,3,1041
0,GEN,9,1,1371,73,36,2,1129
0,GEN,9,1,1371,73,21,3,1129
0,ACO,9,1,1371,73,27,3,2175
0,PSO,9,1,1371,73,36,2,876
0,PSO,9,1,1371,73,22,3,876
1,GEN,0,1,1181,54,16,1,2384
1,ACO,0,1,1181,54,16,1,2505
1,PSO,0,1,1181,54,16,1,1378
1,GEN,1,1,1181,54,16,1,2535
1,ACO,1,1,1181,54,16,1,2748
1,PSO,1,1,1181,54,16,1,1353
1,GEN,2,1,1181,54,16,1,2434
1,ACO,2,1,1181,54,16,1,2596
1,PSO,2,1,1181,54,16,1,1407
1,GEN,3,1,1181,54,16,1,2479
1,ACO,3,1,1181,54,16,1,2674
1,PSO,3,1,1181,54,16,1,1361
1,GEN,4,1,1181,54,16,1,2366
1,ACO,4,1,1181,54,16,1,2660
1,PSO,4,1,1181,54,16,1,1470
1,PSO,4,1,1181,54,13,3,1470
1,GEN,5,1,1181,54,16,1,2460
1,ACO,5,1,1181,54,16,1,2684
1,PSO,5,1,1181,54,16,1,1426
1,GEN,6,1,1181,54,16,1,2577
1,ACO,6,1,1181,54,16,1,2742
1,PSO,6,1,1181,54,16,1,1410
1,GEN,7,1,1181,54,16,1,2425
1,ACO,7,1,1181,54,16,1,2580
1,PSO,7,1,1181,54,16,1,1453
1,GEN,8,1,1181,54,16,1,2615
1,ACO,8,1,1181,54,16,1,2775
1,PSO,8,1,1181,54,16,1,1424
1,GEN,9,1,1181,54,16,1,2711
1,ACO,9,1,1181,54,16,1,2894
1,PSO,9,1,1181,54,16,1,1362
2,GEN,0,1,839,66,21,1,3189
2,GEN,0,1,839,29,4,2,3189
2,GEN,0,1,879,8,14,3,3189
2,GEN,0,1,1019,58,11,1,3189
2,ACO,0,1,839,66,21,1,3550
2,ACO,0,1,839,66,16,3,3550
2,PSO,0,1,839,66,21,1,1704
2,PSO,0,1,839,66,13,2,1704
2,GEN,1,1,839,66,21,1,3033
2,GEN,1,1,839,29,4,2,3033
2,GEN,1,1,879,8,10,3,3033
2,GEN,1,1,1019,58,11,1,3033
2,GEN,1,1,1019,58,11,1,3033
2,GEN,1,1,1019,58,11,1,3033
2,ACO,1,1,839,66,21,1,3431
2,ACO,1,1,839,66,16,3,3431
2,PSO,1,1,839,66,21,1,1712
2,PSO,1,1,839,66,13,2,1712
2,GEN,2,1,839,66,21,1,3019
2,GEN,2,1,839,29,4,2,3019
2,GEN,2,1,1019,58,11,1,3019
2,GEN,2,1,1019,58,11,1,3019
2,GEN,2,1,1019,58,11,1,3019
2,ACO,2,1,839,66,21,1,3484
2,ACO,2,1,839,66,17,2,3484
2,PSO,2,1,839,66,21,1,1693
2,PSO,2,1,839,66,13,2,1693
2,GEN,3,1,839,66,21,1,3051
2,GEN,3,1,839,29,4,2,3051
2,GEN,3,1,879,8,14,3,3051
2,GEN,3,1,1019,58,11,1,3051
2,ACO,3,1,839,66,21,1,3476
2,ACO,3,1,839,66,17,2,3476
2,PSO,3,1,839,66,21,1,1551
2,PSO,3,1,839,66,13,2,1551
2,GEN,4,1,839,66,21,1,2889
2,GEN,4,1,839,29,4,2,2889
2,GEN,4,1,879,8,14,3,2889
2,GEN,4,1,879,8,10,4,2889
2,GEN,4,1,1019,58,11,1,2889
2,ACO,4,1,839,66,21,1,3416
2,ACO,4,1,839,66,20,2,3416
2,PSO,4,1,839,66,21,1,1714
2,PSO,4,1,839,66,13,2,1714
2,GEN,5,1,839,66,21,1,3005
2,GEN,5,1,839,29,4,2,3005
2,GEN,5,1,879,8,14,3,3005
2,GEN,5,1,1019,58,11,1,3005
2,GEN,5,1,1019,58,11,1,3005
2,GEN,5,1,1019,58,11,1,3005
2,ACO,5,1,839,66,21,1,3753
2,ACO,5,1,839,66,20,2,3753
2,PSO,5,1,839,66,21,1,1643
2,PSO,5,1,839,66,13,2,1643
2,GEN,6,1,839,66,21,1,3027
2,GEN,6,1,839,29,4,2,3027
2,GEN,6,1,879,8,14,3,3027
2,GEN,6,1,1019,58,11,1,3027
2,ACO,6,1,839,66,21,1,3490
2,ACO,6,1,839,66,16,3,3490
2,PSO,6,1,839,66,21,1,1676
2,PSO,6,1,839,66,13,2,1676
2,GEN,7,1,839,66,21,1,2950
2,GEN,7,1,839,29,4,2,2950
2,GEN,7,1,879,8,14,3,2950
2,GEN,7,1,1019,58,11,1,2950
2,GEN,7,1,1019,58,11,1,2950
2,GEN,7,1,1019,58,11,1,2950
2,ACO,7,1,839,66,21,1,3670
2,ACO,7,1,839,66,17,2,3670
2,PSO,7,1,839,66,21,1,1641
2,PSO,7,1,839,66,13,2,1641
2,GEN,8,1,839,66,21,1,3146
2,GEN,8,1,839,29,4,2,3146
2,GEN,8,1,879,8,14,3,3146
2,GEN,8,1,1019,58,11,1,3146
2,GEN,8,1,1019,58,11,1,3146
2,ACO,8,1,839,66,21,1,3367
2,ACO,8,1,839,66,16,3,3367
2,PSO,8,1,839,66,21,1,1769
2,PSO,8,1,839,66,13,2,1769
2,GEN,9,1,839,66,21,1,3130
2,GEN,9,1,839,29,4,2,3130
2,GEN,9,1,879,8,14,3,3130
2,GEN,9,1,1019,58,11,1,3130
2,ACO,9,1,839,66,21,1,3578
2,ACO,9,1,839,66,17,2,3578
2,PSO,9,1,839,66,21,1,1629
2,PSO,9,1,839,66,13,2,1629
3,GEN,0,1,857,122,47,1,2332
3,GEN,0,1,857,122,45,2,2332
3,GEN,0,1,857,122,44,3,2332
3,GEN,0,1,857,122,41,4,2332
3,GEN,0,1,857,122,40,5,2332
3,ACO,0,1,857,122,47,1,3432
3,ACO,0,1,917,96,30,1,3432
3,PSO,0,1,857,122,47,1,1609
3,PSO,0,1,857,122,44,3,1609
3,PSO,0,1,857,122,44,3,1609
3,PSO,0,1,1163,100,36,1,1609
3,PSO,0,1,1163,100,25,2,1609
3,GEN,1,1,857,122,47,1,2432
3,GEN,1,1,857,122,39,2,2432
3,GEN,1,1,857,122,35,4,2432
3,ACO,1,1,857,122,47,1,3358
3,ACO,1,1,1163,100,36,1,3358
3,ACO,1,1,1163,100,30,3,3358
3,PSO,1,1,857,122,39,2,1522
3,PSO,1,1,917,182,107,1,1522
3,PSO,1,1,1163,100,36,1,1522
3,PSO,1,1,1163,100,33,2,1522
3,PSO,1,1,1163,100,30,3,1522
3,GEN,2,1,857,122,47,1,2404
3,GEN,2,1,857,122,46,2,2404
3,GEN,2,1,857,122,41,4,2404
3,ACO,2,1,857,122,47,1,3474
3,ACO,2,1,1163,100,36,1,3474
3,ACO,2,1,1163,100,30,3,3474
3,PSO,2,1,857,122,47,1,1627
3,PSO,2,1,857,122,39,2,1627
3,PSO,2,1,857,122,36,3,1627
3,PSO,2,1,1163,100,36,1,1627
3,PSO,2,1,1163,100,25,2,1627
3,GEN,3,1,857,122,47,1,2326
3,GEN,3,1,857,122,39,2,2326
3,GEN,3,1,857,122,37,5,2326
3,GEN,3,1,857,122,35,6,2326
3,ACO,3,1,857,122,47,1,3344
3,ACO,3,1,917,96,30,1,3344
3,ACO,3,1,917,96,28,2,3344
3,PSO,3,1,857,122,47,1,1544
3,PSO,3,1,857,122,44,3,1544
3,PSO,3,1,1163,100,36,1,1544
3,PSO,3,1,1163,100,25,2,1544
3,GEN,4,1,857,122,47,1,2286
3,GEN,4,1,857,122,46,2,2286
3,GEN,4,1,857,122,43,3,2286
3,GEN,4,1,857,122,38,5,2286
3,ACO,4,1,857,122,47,1,3393
3,ACO,4,1,917,96,20,2,3393
3,PSO,4,1,857,122,47,1,1596
3,PSO,4,1,857,122,44,3,1596
3,PSO,4,1,1163,100,36,1,1596
3,PSO,4,1,1163,100,25,2,1596
3,GEN,5,1,857,122,47,1,2311
3,GEN,5,1,857,122,46,2,2311
3,GEN,5,1,857,122,44,3,2311
3,GEN,5,1,857,122,44,3,2311
3,GEN,5,1,857,122,44,3,2311
3,GEN,5,1,857,122,38,5,2311
3,ACO,5,1,857,122,47,1,3361
3,ACO,5,1,917,96,28,2,3361
3,ACO,5,1,917,96,26,3,3361
3,PSO,5,1,857,122,47,1,1642
3,PSO,5,1,857,122,44,3,1642
3,PSO,5,1,917,96,30,1,1642
3,PSO,5,1,1163,100,25,2,1642
3,GEN,6,1,857,122,47,1,2360
3,GEN,6,1,857,122,39,2,2360
3,GEN,6,1,857,122,37,3,2360
3,GEN,6,1,857,122,37,3,2360
3,GEN,6,1,857,122,35,4,2360
3,ACO,6,1,857,122,47,1,3314
3,ACO,6,1,857,122,39,2,3314
3,ACO,6,1,1163,100,30,3,3314
3,PSO,6,1,857,122,47,1,1568
3,PSO,6,1,857,122,37,2,1568
3,PSO,6,1,1163,100,36,1,1568
3,PSO,6,1,1163,100,25,2,1568
3,GEN,7,1,857,122,47,1,2269
3,GEN,7,1,857,122,46,2,2269
3,GEN,7,1,857,122,44,3,2269
3,GEN,7,1,857,122,42,4,2269
3,GEN,7,1,857,122,42,4,2269
3,GEN,7,1,857,122,41,5,2269
3,ACO,7,1,857,122,47,1,3378
3,ACO,7,1,917,96,26,2,3378
3,PSO,7,1,857,122,47,1,1533
3,PSO,7,1,857,122,44,3,1533
3,PSO,7,1,1163,100,36,1,1533
3,PSO,7,1,1163,100,25,2,1533
3,GEN,8,1,857,122,47,1,2567
3,GEN,8,1,857,122,39,2,2567
3,GEN,8,1,857,122,37,5,2567
3,ACO,8,1,857,122,47,1,3482
3,ACO,8,1,857,122,44,3,3482
3,ACO,8,1,917,96,30,1,3482
3,ACO,8,1,977,104,26,2,3482
3,PSO,8,1,857,122,47,1,1642
3,PSO,8,1,857,122,37,2,1642
3,PSO,8,1,1163,100,36,1,1642
3,PSO,8,1,1163,100,25,2,1642
3,PSO,8,1,1163,100,23,3,1642
3,GEN,9,1,857,122,47,1,2430
3,GEN,9,1,857,122,46,2,2430
3,GEN,9,1,857,122,41,3,2430
3,GEN,9,1,857,122,40,4,2430
3,GEN,9,1,857,122,37,5,2430
3,GEN,9,1,857,122,37,5,2430
3,ACO,9,1,857,122,47,1,3345
3,ACO,9,1,917,96,30,1,3345
3,PSO,9,1,857,122,47,1,1590
3,PSO,9,1,857,122,44,3,1590
3,PSO,9,1,1163,100,36,1,1590
3,PSO,9,1,1163,100,25,2,1590
4,GEN,0,1,1038,59,14,1,2115
4,ACO,0,1,1038,59,20,1,2980
4,ACO,0,1,1081,42,4,1,2980
4,PSO,0,1,1038,59,14,1,1425
4,PSO,0,1,1038,59,11,2,1425
4,PSO,0,1,1141,52,9,2,1425
4,GEN,1,1,1038,59,20,1,2277
4,GEN,1,1,1038,63,18,2,2277
4,GEN,1,1,1081,62,19,1,2277
4,ACO,1,1,1038,59,20,1,2987
4,ACO,1,1,1038,59,17,3,2987
4,PSO,1,1,1038,63,28,1,1312
4,PSO,1,1,1038,59,12,2,1312
4,PSO,1,1,1081,42,4,1,1312
4,GEN,2,1,1038,59,14,1,2186
4,ACO,2,1,1038,59,20,1,2886
4,ACO,2,1,1141,52,11,2,2886
4,PSO,2,1,1038,59,14,1,1455
4,PSO,2,1,1081,62,9,2,1455
4,GEN,3,1,1038,59,14,1,2100
4,ACO,3,1,1038,59,20,1,2983
4,PSO,3,1,1038,59,20,1,1363
4,PSO,3,1,1038,59,14,2,1363
4,PSO,3,1,1038,59,14,2,1363
4,PSO,3,1,1081,42,4,1,1363
4,GEN,4,1,1038,59,14,1,2261
4,ACO,4,1,1038,63,28,1,3019
4,ACO,4,1,1038,59,17,2,3019
4,ACO,4,1,1263,54,20,1,3019
4,PSO,4,1,1038,59,14,1,1348
4,PSO,4,1,1038,59,11,2,1348
4,GEN,5,1,1038,59,14,1,2207
4,ACO,5,1,1038,59,20,1,2988
4,ACO,5,1,1038,59,17,2,2988
4,ACO,5,1,1081,42,4,1,2988
4,PSO,5,1,1038,59,14,1,1446
4,PSO,5,1,1038,59,11,2,1446
4,GEN,6,1,1038,59,14,1,2075
4,ACO,6,1,1038,59,17,2,2959
4,ACO,6,1,1081,42,4,1,2959
4,PSO,6,1,1038,59,20,1,1392
4,PSO,6,1,1038,59,12,2,1392
4,PSO,6,1,1081,62,19,1,1392
4,PSO,6,1,1081,62,9,2,1392
4,PSO,6,1,1141,52,9,1,1392
4,GEN,7,1,1038,59,14,1,2115
4,ACO,7,1,1038,63,28,1,2833
4,ACO,7,1,1081,42,4,1,2833
4,PSO,7,1,1038,63,28,1,1363
4,PSO,7,1,1038,59,11,2,1363
4,PSO,7,1,1141,52,14,1,1363
4,GEN,8,1,1038,59,14,1,2075
4,GEN,8,1,1081,42,4,1,2075
4,ACO,8,1,1038,59,20,1,2939
4,ACO,8,1,1081,42,4,1,2939
4,PSO,8,1,1038,59,14,1,1385
4,PSO,8,1,1038,59,11,2,1385
4,GEN,9,1,1038,59,14,1,2078
4,GEN,9,1,1081,42,4,1,2078
4,ACO,9,1,1038,59,20,1,2957
4,ACO,9,1,1081,42,4,1,2957
4,PSO,9,1,1038,59,14,1,1496
4,PSO,9,1,1038,59,11,2,1496
